Id,task_1,task_2
../data/test/melanoma/ISIC_0012258.jpg,0.316869,0.184251
../data/test/melanoma/ISIC_0012356.jpg,0.364516,0.295886
../data/test/melanoma/ISIC_0012369.jpg,0.234326,0.0565616
../data/test/melanoma/ISIC_0012395.jpg,0.293828,0.355258
../data/test/melanoma/ISIC_0012425.jpg,0.12493,0.116411
../data/test/melanoma/ISIC_0012758.jpg,0.203358,0.00112045
../data/test/melanoma/ISIC_0012989.jpg,0.220012,0.245912
../data/test/melanoma/ISIC_0013072.jpg,0.648466,0.139503
../data/test/melanoma/ISIC_0013073.jpg,0.440091,0.0715234
../data/test/melanoma/ISIC_0013242.jpg,0.495958,0.0947925
../data/test/melanoma/ISIC_0013277.jpg,0.24819,0.47932
../data/test/melanoma/ISIC_0013321.jpg,0.196201,0.492058
../data/test/melanoma/ISIC_0013374.jpg,0.416732,0.0288268
../data/test/melanoma/ISIC_0013411.jpg,0.310691,0.640564
../data/test/melanoma/ISIC_0013414.jpg,0.0783938,0.0783111
../data/test/melanoma/ISIC_0013455.jpg,0.412383,0.0473329
../data/test/melanoma/ISIC_0013457.jpg,0.572818,0.175855
../data/test/melanoma/ISIC_0013459.jpg,0.295605,0.137528
../data/test/melanoma/ISIC_0013472.jpg,0.310677,0.268804
../data/test/melanoma/ISIC_0013473.jpg,0.54745,0.387941
../data/test/melanoma/ISIC_0013565.jpg,0.273174,0.236333
../data/test/melanoma/ISIC_0013577.jpg,0.189807,0.439277
../data/test/melanoma/ISIC_0013588.jpg,0.340898,0.281043
../data/test/melanoma/ISIC_0013615.jpg,0.339131,0.177818
../data/test/melanoma/ISIC_0013617.jpg,0.190662,0.120819
../data/test/melanoma/ISIC_0013636.jpg,0.312719,0.293199
../data/test/melanoma/ISIC_0013678.jpg,0.323031,0.398785
../data/test/melanoma/ISIC_0013696.jpg,0.335245,0.247916
../data/test/melanoma/ISIC_0013733.jpg,0.64955,0.20182
../data/test/melanoma/ISIC_0013739.jpg,0.225497,0.453349
../data/test/melanoma/ISIC_0013766.jpg,0.270079,0.0304851
../data/test/melanoma/ISIC_0013767.jpg,0.483097,0.135847
../data/test/melanoma/ISIC_0013813.jpg,0.473737,0.256012
../data/test/melanoma/ISIC_0013814.jpg,0.476117,0.183029
../data/test/melanoma/ISIC_0013833.jpg,0.740986,0.174269
../data/test/melanoma/ISIC_0013842.jpg,0.217204,0.168205
../data/test/melanoma/ISIC_0013867.jpg,0.507891,0.0936225
../data/test/melanoma/ISIC_0013908.jpg,0.508649,0.284988
../data/test/melanoma/ISIC_0013917.jpg,0.0376807,0.216006
../data/test/melanoma/ISIC_0013925.jpg,0.149405,0.709216
../data/test/melanoma/ISIC_0013948.jpg,0.501659,0.0470289
../data/test/melanoma/ISIC_0013953.jpg,0.228505,0.481039
../data/test/melanoma/ISIC_0013987.jpg,0.481718,0.268243
../data/test/melanoma/ISIC_0013988.jpg,0.360786,0.318196
../data/test/melanoma/ISIC_0014027.jpg,0.193489,0.563285
../data/test/melanoma/ISIC_0014059.jpg,0.131055,0.0351407
../data/test/melanoma/ISIC_0014077.jpg,0.495562,0.155999
../data/test/melanoma/ISIC_0014103.jpg,0.226989,0.265992
../data/test/melanoma/ISIC_0014110.jpg,0.337152,0.0931952
../data/test/melanoma/ISIC_0014129.jpg,0.559986,0.229545
../data/test/melanoma/ISIC_0014148.jpg,0.561813,0.283211
../data/test/melanoma/ISIC_0014160.jpg,0.606036,0.150274
../data/test/melanoma/ISIC_0014181.jpg,0.748758,0.147381
../data/test/melanoma/ISIC_0014186.jpg,0.214458,0.426015
../data/test/melanoma/ISIC_0014219.jpg,0.465897,0.341697
../data/test/melanoma/ISIC_0014221.jpg,0.168584,0.217803
../data/test/melanoma/ISIC_0014233.jpg,0.440067,0.395123
../data/test/melanoma/ISIC_0014255.jpg,0.236592,0.0783112
../data/test/melanoma/ISIC_0014270.jpg,0.558389,0.266551
../data/test/melanoma/ISIC_0014284.jpg,0.468771,0.307304
../data/test/melanoma/ISIC_0014288.jpg,0.423602,0.139517
../data/test/melanoma/ISIC_0014319.jpg,0.686297,0.0780828
../data/test/melanoma/ISIC_0014336.jpg,0.698616,0.236848
../data/test/melanoma/ISIC_0014349.jpg,0.588856,0.223703
../data/test/melanoma/ISIC_0014369.jpg,0.41934,0.0987369
../data/test/melanoma/ISIC_0014423.jpg,0.620559,0.174821
../data/test/melanoma/ISIC_0014434.jpg,0.267364,0.580952
../data/test/melanoma/ISIC_0014454.jpg,0.429085,0.21526
../data/test/melanoma/ISIC_0014478.jpg,0.546918,0.0415343
../data/test/melanoma/ISIC_0014489.jpg,0.726083,0.143702
../data/test/melanoma/ISIC_0014506.jpg,0.614477,0.247752
../data/test/melanoma/ISIC_0014513.jpg,0.420384,0.321856
../data/test/melanoma/ISIC_0014541.jpg,0.69646,0.143482
../data/test/melanoma/ISIC_0014542.jpg,0.513015,0.138122
../data/test/melanoma/ISIC_0014546.jpg,0.629845,0.0552714
../data/test/melanoma/ISIC_0014548.jpg,0.49071,0.0360881
../data/test/melanoma/ISIC_0014559.jpg,0.560433,0.374718
../data/test/melanoma/ISIC_0014663.jpg,0.839814,0.0259918
../data/test/melanoma/ISIC_0014666.jpg,0.393819,0.456481
../data/test/melanoma/ISIC_0014695.jpg,0.313032,0.188921
../data/test/melanoma/ISIC_0014703.jpg,0.346113,0.585008
../data/test/melanoma/ISIC_0014727.jpg,0.271965,0.501491
../data/test/melanoma/ISIC_0014766.jpg,0.336565,0.347838
../data/test/melanoma/ISIC_0014772.jpg,0.316129,0.111462
../data/test/melanoma/ISIC_0014784.jpg,0.0403209,0.948991
../data/test/melanoma/ISIC_0014790.jpg,0.137911,0.851145
../data/test/melanoma/ISIC_0014800.jpg,0.215089,0.0163394
../data/test/melanoma/ISIC_0014826.jpg,0.239748,0.00206931
../data/test/melanoma/ISIC_0014862.jpg,0.297049,0.114475
../data/test/melanoma/ISIC_0014872.jpg,0.30738,0.535361
../data/test/melanoma/ISIC_0014883.jpg,0.185894,0.00115161
../data/test/melanoma/ISIC_0014912.jpg,0.375644,0.0209197
../data/test/melanoma/ISIC_0014928.jpg,0.111149,0.00665854
../data/test/melanoma/ISIC_0014932.jpg,0.240771,0.0342872
../data/test/melanoma/ISIC_0014963.jpg,0.79314,0.0501532
../data/test/melanoma/ISIC_0014982.jpg,0.427994,0.0627031
../data/test/melanoma/ISIC_0015004.jpg,0.439716,0.0548285
../data/test/melanoma/ISIC_0015041.jpg,0.567472,0.0950998
../data/test/melanoma/ISIC_0015046.jpg,0.16272,0.349883
../data/test/melanoma/ISIC_0015050.jpg,0.659049,0.211985
../data/test/melanoma/ISIC_0015071.jpg,0.722321,0.0206411
../data/test/melanoma/ISIC_0015115.jpg,0.724519,0.0564005
../data/test/melanoma/ISIC_0015119.jpg,0.694803,0.023874
../data/test/melanoma/ISIC_0015127.jpg,0.473911,0.00550908
../data/test/melanoma/ISIC_0015132.jpg,0.585923,0.0505219
../data/test/melanoma/ISIC_0015133.jpg,0.538657,0.102448
../data/test/melanoma/ISIC_0015136.jpg,0.41989,0.0135183
../data/test/melanoma/ISIC_0015142.jpg,0.646635,0.0487393
../data/test/melanoma/ISIC_0015156.jpg,0.436176,0.171056
../data/test/melanoma/ISIC_0015163.jpg,0.532465,0.179239
../data/test/melanoma/ISIC_0015167.jpg,0.682994,0.240786
../data/test/melanoma/ISIC_0015180.jpg,0.527221,0.303902
../data/test/melanoma/ISIC_0015185.jpg,0.290317,0.265268
../data/test/melanoma/ISIC_0015193.jpg,0.35332,0.0110388
../data/test/melanoma/ISIC_0015206.jpg,0.496774,0.00682478
../data/test/melanoma/ISIC_0015229.jpg,0.871143,0.0829498
../data/test/melanoma/ISIC_0015251.jpg,0.268515,0.145415
../data/test/nevus/ISIC_0012092.jpg,0.171332,0.237464
../data/test/nevus/ISIC_0012095.jpg,0.247659,0.130652
../data/test/nevus/ISIC_0012147.jpg,0.0655105,0.178778
../data/test/nevus/ISIC_0012149.jpg,0.176793,0.506261
../data/test/nevus/ISIC_0012152.jpg,0.180442,0.509664
../data/test/nevus/ISIC_0012216.jpg,0.165607,0.259818
../data/test/nevus/ISIC_0012357.jpg,0.469562,0.346858
../data/test/nevus/ISIC_0012484.jpg,0.274852,0.444721
../data/test/nevus/ISIC_0012493.jpg,0.202444,0.154217
../data/test/nevus/ISIC_0012551.jpg,0.0912963,0.185128
../data/test/nevus/ISIC_0012654.jpg,0.101964,0.0961057
../data/test/nevus/ISIC_0012656.jpg,0.31099,0.00417673
../data/test/nevus/ISIC_0012708.jpg,0.0967099,0.210355
../data/test/nevus/ISIC_0012722.jpg,0.151687,0.0795664
../data/test/nevus/ISIC_0012803.jpg,0.361761,0.23831
../data/test/nevus/ISIC_0012836.jpg,0.197134,0.162856
../data/test/nevus/ISIC_0012837.jpg,0.177321,0.468367
../data/test/nevus/ISIC_0012903.jpg,0.0658018,0.0692815
../data/test/nevus/ISIC_0012904.jpg,0.0722889,0.158055
../data/test/nevus/ISIC_0012941.jpg,0.0839772,0.398947
../data/test/nevus/ISIC_0012967.jpg,0.144735,0.414619
../data/test/nevus/ISIC_0013045.jpg,0.220709,0.0104171
../data/test/nevus/ISIC_0013070.jpg,0.128363,0.0748604
../data/test/nevus/ISIC_0013109.jpg,0.128039,0.0572399
../data/test/nevus/ISIC_0013159.jpg,0.19755,0.445116
../data/test/nevus/ISIC_0013164.jpg,0.0504151,0.0818533
../data/test/nevus/ISIC_0013176.jpg,0.168289,0.0498266
../data/test/nevus/ISIC_0013191.jpg,0.16224,0.220823
../data/test/nevus/ISIC_0013216.jpg,0.195611,0.271141
../data/test/nevus/ISIC_0013226.jpg,0.0836712,0.246055
../data/test/nevus/ISIC_0013230.jpg,0.117322,0.0466272
../data/test/nevus/ISIC_0013269.jpg,0.367635,0.0396445
../data/test/nevus/ISIC_0013291.jpg,0.25902,0.0267721
../data/test/nevus/ISIC_0013325.jpg,0.149413,0.206956
../data/test/nevus/ISIC_0013399.jpg,0.0610844,0.0973325
../data/test/nevus/ISIC_0013416.jpg,0.058004,0.0913385
../data/test/nevus/ISIC_0013511.jpg,0.471396,0.213818
../data/test/nevus/ISIC_0013512.jpg,0.197553,0.17378
../data/test/nevus/ISIC_0013529.jpg,0.222228,0.0314341
../data/test/nevus/ISIC_0013600.jpg,0.35397,0.0595684
../data/test/nevus/ISIC_0013602.jpg,0.465162,0.0122987
../data/test/nevus/ISIC_0013738.jpg,0.0976787,0.060016
../data/test/nevus/ISIC_0013794.jpg,0.0798329,0.0419644
../data/test/nevus/ISIC_0013809.jpg,0.690784,0.0660724
../data/test/nevus/ISIC_0013891.jpg,0.297101,0.259638
../data/test/nevus/ISIC_0013897.jpg,0.561083,0.291683
../data/test/nevus/ISIC_0013911.jpg,0.214812,0.304216
../data/test/nevus/ISIC_0013966.jpg,0.310997,0.484839
../data/test/nevus/ISIC_0013998.jpg,0.201419,0.120476
../data/test/nevus/ISIC_0014090.jpg,0.0523472,0.0539769
../data/test/nevus/ISIC_0014117.jpg,0.215717,0.05674
../data/test/nevus/ISIC_0014470.jpg,0.133414,0.553515
../data/test/nevus/ISIC_0014675.jpg,0.134472,0.00402341
../data/test/nevus/ISIC_0014677.jpg,0.198607,0.0449145
../data/test/nevus/ISIC_0014687.jpg,0.273511,0.00817993
../data/test/nevus/ISIC_0014693.jpg,0.450224,0.0447527
../data/test/nevus/ISIC_0014697.jpg,0.1724,0.30494
../data/test/nevus/ISIC_0014698.jpg,0.101924,0.0231218
../data/test/nevus/ISIC_0014720.jpg,0.218709,0.0023144
../data/test/nevus/ISIC_0014725.jpg,0.265262,0.00599433
../data/test/nevus/ISIC_0014728.jpg,0.271032,0.00919198
../data/test/nevus/ISIC_0014729.jpg,0.338124,0.114828
../data/test/nevus/ISIC_0014740.jpg,0.465222,0.336491
../data/test/nevus/ISIC_0014743.jpg,0.324088,0.112359
../data/test/nevus/ISIC_0014746.jpg,0.232157,0.0258143
../data/test/nevus/ISIC_0014749.jpg,0.30404,0.0120318
../data/test/nevus/ISIC_0014753.jpg,0.406848,0.00390118
../data/test/nevus/ISIC_0014755.jpg,0.530861,0.00465278
../data/test/nevus/ISIC_0014765.jpg,0.177414,0.00797058
../data/test/nevus/ISIC_0014768.jpg,0.0808928,0.0029601
../data/test/nevus/ISIC_0014773.jpg,0.109182,0.00407056
../data/test/nevus/ISIC_0014780.jpg,0.275904,0.00321496
../data/test/nevus/ISIC_0014786.jpg,0.11871,0.66119
../data/test/nevus/ISIC_0014787.jpg,0.241003,0.00613636
../data/test/nevus/ISIC_0014792.jpg,0.0701914,0.808974
../data/test/nevus/ISIC_0014796.jpg,0.146562,0.00991301
../data/test/nevus/ISIC_0014798.jpg,0.225375,0.0278689
../data/test/nevus/ISIC_0014807.jpg,0.270234,0.00471415
../data/test/nevus/ISIC_0014814.jpg,0.123015,0.0517482
../data/test/nevus/ISIC_0014815.jpg,0.146131,0.136905
../data/test/nevus/ISIC_0014820.jpg,0.0722641,0.00729207
../data/test/nevus/ISIC_0014822.jpg,0.313675,0.0258229
../data/test/nevus/ISIC_0014833.jpg,0.280094,0.253211
../data/test/nevus/ISIC_0014835.jpg,0.356881,0.0121178
../data/test/nevus/ISIC_0014844.jpg,0.221994,0.0513687
../data/test/nevus/ISIC_0014853.jpg,0.133392,0.00267024
../data/test/nevus/ISIC_0014854.jpg,0.307574,0.0110962
../data/test/nevus/ISIC_0014863.jpg,0.238342,0.297223
../data/test/nevus/ISIC_0014867.jpg,0.191319,0.049147
../data/test/nevus/ISIC_0014868.jpg,0.172255,0.108676
../data/test/nevus/ISIC_0014876.jpg,0.200897,0.0356796
../data/test/nevus/ISIC_0014879.jpg,0.0364458,0.212759
../data/test/nevus/ISIC_0014901.jpg,0.194288,0.170441
../data/test/nevus/ISIC_0014907.jpg,0.234127,0.0692122
../data/test/nevus/ISIC_0014910.jpg,0.260155,0.0169157
../data/test/nevus/ISIC_0014921.jpg,0.155741,0.00266149
../data/test/nevus/ISIC_0014927.jpg,0.202433,0.00197342
../data/test/nevus/ISIC_0014936.jpg,0.182071,0.00130633
../data/test/nevus/ISIC_0014938.jpg,0.530982,0.0011092
../data/test/nevus/ISIC_0014940.jpg,0.198696,0.0047524
../data/test/nevus/ISIC_0014941.jpg,0.229758,0.00131866
../data/test/nevus/ISIC_0014942.jpg,0.123575,0.0316804
../data/test/nevus/ISIC_0014943.jpg,0.275272,0.0118274
../data/test/nevus/ISIC_0014944.jpg,0.214755,0.00196661
../data/test/nevus/ISIC_0014947.jpg,0.286096,0.00148151
../data/test/nevus/ISIC_0014948.jpg,0.462585,0.0183734
../data/test/nevus/ISIC_0014949.jpg,0.189661,0.00184979
../data/test/nevus/ISIC_0014952.jpg,0.291969,0.0102811
../data/test/nevus/ISIC_0014955.jpg,0.575212,0.00813228
../data/test/nevus/ISIC_0014956.jpg,0.374499,0.00651705
../data/test/nevus/ISIC_0014957.jpg,0.208243,0.00182065
../data/test/nevus/ISIC_0014958.jpg,0.385728,0.0373181
../data/test/nevus/ISIC_0014959.jpg,0.0699643,0.00316808
../data/test/nevus/ISIC_0014961.jpg,0.33009,0.00852461
../data/test/nevus/ISIC_0014962.jpg,0.263713,0.31302
../data/test/nevus/ISIC_0014964.jpg,0.226793,0.00294324
../data/test/nevus/ISIC_0014966.jpg,0.251294,0.0122454
../data/test/nevus/ISIC_0014968.jpg,0.502031,0.0451511
../data/test/nevus/ISIC_0014969.jpg,0.288717,0.020303
../data/test/nevus/ISIC_0014973.jpg,0.404747,0.0146382
../data/test/nevus/ISIC_0014974.jpg,0.207495,0.105145
../data/test/nevus/ISIC_0014977.jpg,0.269729,0.0169259
../data/test/nevus/ISIC_0014992.jpg,0.146449,0.00169638
../data/test/nevus/ISIC_0014994.jpg,0.197221,0.0441438
../data/test/nevus/ISIC_0014998.jpg,0.301247,0.0579792
../data/test/nevus/ISIC_0015002.jpg,0.118457,0.444311
../data/test/nevus/ISIC_0015003.jpg,0.345014,0.190343
../data/test/nevus/ISIC_0015007.jpg,0.0491128,0.0470709
../data/test/nevus/ISIC_0015008.jpg,0.726703,0.0876113
../data/test/nevus/ISIC_0015009.jpg,0.275992,0.478821
../data/test/nevus/ISIC_0015011.jpg,0.26642,0.542399
../data/test/nevus/ISIC_0015013.jpg,0.510907,0.065048
../data/test/nevus/ISIC_0015015.jpg,0.338886,0.131809
../data/test/nevus/ISIC_0015016.jpg,0.241484,0.0576112
../data/test/nevus/ISIC_0015018.jpg,0.325038,0.154555
../data/test/nevus/ISIC_0015019.jpg,0.390127,0.0931607
../data/test/nevus/ISIC_0015020.jpg,0.47688,0.0905529
../data/test/nevus/ISIC_0015021.jpg,0.125372,0.060402
../data/test/nevus/ISIC_0015023.jpg,0.228372,0.0125123
../data/test/nevus/ISIC_0015026.jpg,0.158638,0.0921418
../data/test/nevus/ISIC_0015030.jpg,0.178579,0.00362462
../data/test/nevus/ISIC_0015031.jpg,0.183689,0.55781
../data/test/nevus/ISIC_0015034.jpg,0.259885,0.0145463
../data/test/nevus/ISIC_0015035.jpg,0.141747,0.0435567
../data/test/nevus/ISIC_0015037.jpg,0.259342,0.0993639
../data/test/nevus/ISIC_0015040.jpg,0.175803,0.25476
../data/test/nevus/ISIC_0015051.jpg,0.215804,0.091882
../data/test/nevus/ISIC_0015056.jpg,0.388988,0.216984
../data/test/nevus/ISIC_0015057.jpg,0.372632,0.147887
../data/test/nevus/ISIC_0015060.jpg,0.215713,0.0784541
../data/test/nevus/ISIC_0015064.jpg,0.277731,0.0285516
../data/test/nevus/ISIC_0015078.jpg,0.182534,0.224243
../data/test/nevus/ISIC_0015089.jpg,0.253326,0.0129065
../data/test/nevus/ISIC_0015102.jpg,0.373923,0.0184527
../data/test/nevus/ISIC_0015118.jpg,0.333799,0.125441
../data/test/nevus/ISIC_0015125.jpg,0.229134,0.00209019
../data/test/nevus/ISIC_0015129.jpg,0.357434,0.146926
../data/test/nevus/ISIC_0015130.jpg,0.255552,0.00438327
../data/test/nevus/ISIC_0015139.jpg,0.263609,0.00490029
../data/test/nevus/ISIC_0015140.jpg,0.40121,0.0149016
../data/test/nevus/ISIC_0015146.jpg,0.416943,0.00799865
../data/test/nevus/ISIC_0015149.jpg,0.414846,0.0456029
../data/test/nevus/ISIC_0015150.jpg,0.246113,0.0100207
../data/test/nevus/ISIC_0015152.jpg,0.140991,0.265688
../data/test/nevus/ISIC_0015155.jpg,0.13653,0.257258
../data/test/nevus/ISIC_0015157.jpg,0.19204,0.0113369
../data/test/nevus/ISIC_0015160.jpg,0.0503172,0.409659
../data/test/nevus/ISIC_0015161.jpg,0.18346,0.140016
../data/test/nevus/ISIC_0015171.jpg,0.339708,0.604365
../data/test/nevus/ISIC_0015173.jpg,0.285722,0.308285
../data/test/nevus/ISIC_0015174.jpg,0.234335,0.0275502
../data/test/nevus/ISIC_0015175.jpg,0.202831,0.0382444
../data/test/nevus/ISIC_0015176.jpg,0.506243,0.0397102
../data/test/nevus/ISIC_0015179.jpg,0.196209,0.104036
../data/test/nevus/ISIC_0015184.jpg,0.195072,0.0176576
../data/test/nevus/ISIC_0015201.jpg,0.231075,0.00141778
../data/test/nevus/ISIC_0015202.jpg,0.218535,0.00243751
../data/test/nevus/ISIC_0015203.jpg,0.498445,0.139274
../data/test/nevus/ISIC_0015207.jpg,0.36655,0.12209
../data/test/nevus/ISIC_0015208.jpg,0.409252,0.00722273
../data/test/nevus/ISIC_0015212.jpg,0.09106,0.000904383
../data/test/nevus/ISIC_0015215.jpg,0.138117,0.110655
../data/test/nevus/ISIC_0015216.jpg,0.505809,0.11829
../data/test/nevus/ISIC_0015217.jpg,0.145641,0.0052101
../data/test/nevus/ISIC_0015218.jpg,0.173414,0.00417847
../data/test/nevus/ISIC_0015223.jpg,0.135072,0.00403679
../data/test/nevus/ISIC_0015224.jpg,0.315223,0.153579
../data/test/nevus/ISIC_0015226.jpg,0.246126,0.122545
../data/test/nevus/ISIC_0015232.jpg,0.292025,0.335707
../data/test/nevus/ISIC_0015237.jpg,0.379642,0.0318636
../data/test/nevus/ISIC_0015241.jpg,0.16407,0.0225421
../data/test/nevus/ISIC_0015244.jpg,0.213076,0.341033
../data/test/nevus/ISIC_0015245.jpg,0.0879703,0.221227
../data/test/nevus/ISIC_0015250.jpg,0.213379,0.384913
../data/test/nevus/ISIC_0015254.jpg,0.418441,0.168815
../data/test/nevus/ISIC_0015255.jpg,0.486106,0.0926249
../data/test/nevus/ISIC_0015258.jpg,0.406845,0.112729
../data/test/nevus/ISIC_0015264.jpg,0.146664,0.337768
../data/test/nevus/ISIC_0015270.jpg,0.226157,0.0309963
../data/test/nevus/ISIC_0015273.jpg,0.100619,0.0939907
../data/test/nevus/ISIC_0015274.jpg,0.446414,0.0442368
../data/test/nevus/ISIC_0015276.jpg,0.132188,0.0228395
../data/test/nevus/ISIC_0015279.jpg,0.344404,0.120766
../data/test/nevus/ISIC_0015283.jpg,0.228245,0.00494593
../data/test/nevus/ISIC_0015291.jpg,0.101135,0.0408004
../data/test/nevus/ISIC_0015293.jpg,0.221509,0.0657603
../data/test/nevus/ISIC_0015298.jpg,0.154538,0.00818695
../data/test/nevus/ISIC_0015309.jpg,0.0566422,0.295889
../data/test/nevus/ISIC_0015310.jpg,0.21941,0.146566
../data/test/nevus/ISIC_0015311.jpg,0.249706,0.0078589
../data/test/nevus/ISIC_0015312.jpg,0.26203,0.00252105
../data/test/nevus/ISIC_0015330.jpg,0.15351,0.00395781
../data/test/nevus/ISIC_0015331.jpg,0.172626,0.0194074
../data/test/nevus/ISIC_0015347.jpg,0.209564,0.00135337
../data/test/nevus/ISIC_0015353.jpg,0.300072,0.00370695
../data/test/nevus/ISIC_0015355.jpg,0.139544,0.290999
../data/test/nevus/ISIC_0015357.jpg,0.0987766,0.011671
../data/test/nevus/ISIC_0015360.jpg,0.197658,0.00127547
../data/test/nevus/ISIC_0015363.jpg,0.401925,0.279198
../data/test/nevus/ISIC_0015364.jpg,0.19039,0.365732
../data/test/nevus/ISIC_0015368.jpg,0.308852,0.0316006
../data/test/nevus/ISIC_0015369.jpg,0.269182,0.092791
../data/test/nevus/ISIC_0015383.jpg,0.164854,0.00133662
../data/test/nevus/ISIC_0015386.jpg,0.247934,0.00340576
../data/test/nevus/ISIC_0015390.jpg,0.292044,0.140044
../data/test/nevus/ISIC_0015395.jpg,0.103583,0.159419
../data/test/nevus/ISIC_0015403.jpg,0.350862,0.0328203
../data/test/nevus/ISIC_0015404.jpg,0.340032,0.127944
../data/test/nevus/ISIC_0015411.jpg,0.0626508,0.0015927
../data/test/nevus/ISIC_0015412.jpg,0.31607,0.0989814
../data/test/nevus/ISIC_0015416.jpg,0.388825,0.0959418
../data/test/nevus/ISIC_0015417.jpg,0.428858,0.118031
../data/test/nevus/ISIC_0015418.jpg,0.262631,0.111479
../data/test/nevus/ISIC_0015419.jpg,0.21856,0.335129
../data/test/nevus/ISIC_0015436.jpg,0.437731,0.245859
../data/test/nevus/ISIC_0015440.jpg,0.0748177,0.0266859
../data/test/nevus/ISIC_0015447.jpg,0.641839,0.105756
../data/test/nevus/ISIC_0015455.jpg,0.236151,0.502263
../data/test/nevus/ISIC_0015464.jpg,0.560601,0.0551762
../data/test/nevus/ISIC_0015466.jpg,0.431348,0.103708
../data/test/nevus/ISIC_0015468.jpg,0.0947752,0.124967
../data/test/nevus/ISIC_0015476.jpg,0.174016,0.00448266
../data/test/nevus/ISIC_0015481.jpg,0.330252,0.0150491
../data/test/nevus/ISIC_0015482.jpg,0.296992,0.0101209
../data/test/nevus/ISIC_0015485.jpg,0.273107,0.0137818
../data/test/nevus/ISIC_0015510.jpg,0.185059,0.0239482
../data/test/nevus/ISIC_0015526.jpg,0.206778,0.00331545
../data/test/nevus/ISIC_0015537.jpg,0.493848,0.00434362
../data/test/nevus/ISIC_0015544.jpg,0.403996,0.000528488
../data/test/nevus/ISIC_0015559.jpg,0.487326,0.000273368
../data/test/nevus/ISIC_0015563.jpg,0.271984,0.0181554
../data/test/nevus/ISIC_0015566.jpg,0.356772,0.00120551
../data/test/nevus/ISIC_0015568.jpg,0.429077,0.000352372
../data/test/nevus/ISIC_0015582.jpg,0.140329,0.00162914
../data/test/nevus/ISIC_0015593.jpg,0.267336,0.19402
../data/test/nevus/ISIC_0015603.jpg,0.130025,0.00207428
../data/test/nevus/ISIC_0015607.jpg,0.290215,0.352345
../data/test/nevus/ISIC_0015614.jpg,0.286762,0.0383402
../data/test/nevus/ISIC_0015617.jpg,0.346077,0.0578983
../data/test/nevus/ISIC_0015625.jpg,0.156594,0.00261407
../data/test/nevus/ISIC_0015631.jpg,0.178359,0.124458
../data/test/nevus/ISIC_0015636.jpg,0.282683,0.00289701
../data/test/nevus/ISIC_0015638.jpg,0.159366,0.00123329
../data/test/nevus/ISIC_0015641.jpg,0.259671,0.34022
../data/test/nevus/ISIC_0015645.jpg,0.195081,0.00929502
../data/test/nevus/ISIC_0015936.jpg,0.116869,0.160582
../data/test/nevus/ISIC_0015937.jpg,0.0850939,0.0685489
../data/test/nevus/ISIC_0015938.jpg,0.120285,0.0494793
../data/test/nevus/ISIC_0015939.jpg,0.320281,0.0874363
../data/test/nevus/ISIC_0015940.jpg,0.151187,0.188489
../data/test/nevus/ISIC_0015941.jpg,0.0699195,0.00400327
../data/test/nevus/ISIC_0015942.jpg,0.0838996,0.0972924
../data/test/nevus/ISIC_0015943.jpg,0.10785,0.0983777
../data/test/nevus/ISIC_0015944.jpg,0.239605,0.360768
../data/test/nevus/ISIC_0015945.jpg,0.299963,0.263926
../data/test/nevus/ISIC_0015946.jpg,0.289201,0.12643
../data/test/nevus/ISIC_0015947.jpg,0.186249,0.0952603
../data/test/nevus/ISIC_0015948.jpg,0.116953,0.0290655
../data/test/nevus/ISIC_0015949.jpg,0.0855714,0.0203607
../data/test/nevus/ISIC_0015950.jpg,0.149364,0.120784
../data/test/nevus/ISIC_0015951.jpg,0.0743027,0.128338
../data/test/nevus/ISIC_0015952.jpg,0.200051,0.113185
../data/test/nevus/ISIC_0015953.jpg,0.279881,0.446918
../data/test/nevus/ISIC_0015954.jpg,0.163371,0.0355085
../data/test/nevus/ISIC_0015955.jpg,0.202081,0.147994
../data/test/nevus/ISIC_0015956.jpg,0.199778,0.0493848
../data/test/nevus/ISIC_0015957.jpg,0.159312,0.280789
../data/test/nevus/ISIC_0015958.jpg,0.206723,0.39233
../data/test/nevus/ISIC_0015959.jpg,0.314638,0.0349956
../data/test/nevus/ISIC_0015960.jpg,0.208861,0.0040858
../data/test/nevus/ISIC_0015961.jpg,0.351722,0.0162175
../data/test/nevus/ISIC_0015962.jpg,0.201463,0.105216
../data/test/nevus/ISIC_0015963.jpg,0.0634755,0.0783993
../data/test/nevus/ISIC_0015964.jpg,0.130136,0.0946874
../data/test/nevus/ISIC_0015965.jpg,0.278409,0.0418952
../data/test/nevus/ISIC_0015966.jpg,0.166978,0.311813
../data/test/nevus/ISIC_0015967.jpg,0.280808,0.111874
../data/test/nevus/ISIC_0015968.jpg,0.707191,0.150931
../data/test/nevus/ISIC_0015969.jpg,0.203962,0.333195
../data/test/nevus/ISIC_0015971.jpg,0.128881,0.0371992
../data/test/nevus/ISIC_0015972.jpg,0.0724614,0.634861
../data/test/nevus/ISIC_0015973.jpg,0.0941261,0.33485
../data/test/nevus/ISIC_0015974.jpg,0.132654,0.201006
../data/test/nevus/ISIC_0015975.jpg,0.0894796,0.0841641
../data/test/nevus/ISIC_0015976.jpg,0.161903,0.0765915
../data/test/nevus/ISIC_0015978.jpg,0.0920245,0.417418
../data/test/nevus/ISIC_0015979.jpg,0.180442,0.509664
../data/test/nevus/ISIC_0015980.jpg,0.114614,0.0715373
../data/test/nevus/ISIC_0015981.jpg,0.149195,0.0897591
../data/test/nevus/ISIC_0015982.jpg,0.0964008,0.0301205
../data/test/nevus/ISIC_0015983.jpg,0.284297,0.206621
../data/test/nevus/ISIC_0015984.jpg,0.123518,0.387388
../data/test/nevus/ISIC_0015985.jpg,0.126278,0.0578207
../data/test/nevus/ISIC_0015986.jpg,0.188237,0.0818903
../data/test/nevus/ISIC_0015987.jpg,0.134265,0.0714029
../data/test/nevus/ISIC_0015988.jpg,0.258385,0.0820493
../data/test/nevus/ISIC_0015989.jpg,0.164899,0.1813
../data/test/nevus/ISIC_0015990.jpg,0.140041,0.0387987
../data/test/nevus/ISIC_0015991.jpg,0.18345,0.0504093
../data/test/nevus/ISIC_0015992.jpg,0.129225,0.0363071
../data/test/nevus/ISIC_0015993.jpg,0.177334,0.069763
../data/test/nevus/ISIC_0015994.jpg,0.156206,0.0397508
../data/test/nevus/ISIC_0015995.jpg,0.421574,0.0500578
../data/test/nevus/ISIC_0015996.jpg,0.222127,0.0453922
../data/test/nevus/ISIC_0015997.jpg,0.135546,0.0343281
../data/test/nevus/ISIC_0015998.jpg,0.190966,0.0393498
../data/test/nevus/ISIC_0015999.jpg,0.0831577,0.0653105
../data/test/nevus/ISIC_0016000.jpg,0.536047,0.241476
../data/test/nevus/ISIC_0016001.jpg,0.165607,0.259818
../data/test/nevus/ISIC_0016002.jpg,0.122093,0.133117
../data/test/nevus/ISIC_0016003.jpg,0.171736,0.0998648
../data/test/nevus/ISIC_0016004.jpg,0.437971,0.169913
../data/test/nevus/ISIC_0016005.jpg,0.219468,0.0997144
../data/test/nevus/ISIC_0016006.jpg,0.146114,0.584589
../data/test/nevus/ISIC_0016007.jpg,0.170582,0.318741
../data/test/nevus/ISIC_0016008.jpg,0.455288,0.23818
../data/test/nevus/ISIC_0016009.jpg,0.192063,0.161186
../data/test/nevus/ISIC_0016011.jpg,0.07107,0.565167
../data/test/nevus/ISIC_0016012.jpg,0.291535,0.0998023
../data/test/nevus/ISIC_0016013.jpg,0.103803,0.407788
../data/test/nevus/ISIC_0016014.jpg,0.0373395,0.0523548
../data/test/nevus/ISIC_0016015.jpg,0.128697,0.12462
../data/test/nevus/ISIC_0016016.jpg,0.175031,0.245566
../data/test/nevus/ISIC_0016017.jpg,0.0746491,0.0897455
../data/test/nevus/ISIC_0016018.jpg,0.111886,0.0742453
../data/test/nevus/ISIC_0016019.jpg,0.22019,0.496991
../data/test/nevus/ISIC_0016022.jpg,0.454151,0.0747107
../data/test/nevus/ISIC_0016023.jpg,0.15697,0.530941
../data/test/nevus/ISIC_0016024.jpg,0.637739,0.197179
../data/test/nevus/ISIC_0016025.jpg,0.241954,0.182725
../data/test/nevus/ISIC_0016026.jpg,0.249767,0.139237
../data/test/nevus/ISIC_0016027.jpg,0.213488,0.240238
../data/test/nevus/ISIC_0016028.jpg,0.0253553,0.317336
../data/test/nevus/ISIC_0016029.jpg,0.139597,0.0699227
../data/test/nevus/ISIC_0016030.jpg,0.219796,0.188962
../data/test/nevus/ISIC_0016031.jpg,0.328767,0.0119508
../data/test/nevus/ISIC_0016033.jpg,0.333968,0.271475
../data/test/nevus/ISIC_0016034.jpg,0.435972,0.158486
../data/test/nevus/ISIC_0016035.jpg,0.312673,0.180682
../data/test/nevus/ISIC_0016036.jpg,0.383157,0.177925
../data/test/nevus/ISIC_0016037.jpg,0.280248,0.196007
../data/test/nevus/ISIC_0016038.jpg,0.117118,0.0377524
../data/test/nevus/ISIC_0016040.jpg,0.330684,0.0992419
../data/test/nevus/ISIC_0016041.jpg,0.245594,0.334801
../data/test/nevus/ISIC_0016042.jpg,0.157448,0.132875
../data/test/nevus/ISIC_0016043.jpg,0.189293,0.0639803
../data/test/nevus/ISIC_0016044.jpg,0.212818,0.386279
../data/test/nevus/ISIC_0016045.jpg,0.212318,0.057804
../data/test/nevus/ISIC_0016046.jpg,0.209951,0.0173696
../data/test/nevus/ISIC_0016048.jpg,0.201481,0.0336018
../data/test/nevus/ISIC_0016049.jpg,0.179818,0.0232217
../data/test/nevus/ISIC_0016050.jpg,0.292566,0.0424607
../data/test/nevus/ISIC_0016051.jpg,0.171142,0.115199
../data/test/nevus/ISIC_0016052.jpg,0.360721,0.0218875
../data/test/nevus/ISIC_0016053.jpg,0.139893,0.0354186
../data/test/nevus/ISIC_0016054.jpg,0.259913,0.236873
../data/test/nevus/ISIC_0016055.jpg,0.115805,0.0846982
../data/test/nevus/ISIC_0016056.jpg,0.333826,0.201672
../data/test/nevus/ISIC_0016057.jpg,0.344056,0.102965
../data/test/nevus/ISIC_0016058.jpg,0.13082,0.488747
../data/test/nevus/ISIC_0016059.jpg,0.211502,0.0561289
../data/test/nevus/ISIC_0016060.jpg,0.468807,0.111531
../data/test/nevus/ISIC_0016061.jpg,0.163825,0.00631609
../data/test/nevus/ISIC_0016062.jpg,0.2181,0.0369826
../data/test/nevus/ISIC_0016063.jpg,0.32436,0.0619983
../data/test/nevus/ISIC_0016064.jpg,0.145616,0.357266
../data/test/nevus/ISIC_0016065.jpg,0.0769246,0.183025
../data/test/nevus/ISIC_0016066.jpg,0.68775,0.0592199
../data/test/nevus/ISIC_0016068.jpg,0.586209,0.0775339
../data/test/nevus/ISIC_0016069.jpg,0.172924,0.0992173
../data/test/nevus/ISIC_0016070.jpg,0.155628,0.262898
../data/test/nevus/ISIC_0016071.jpg,0.278663,0.0714313
../data/test/nevus/ISIC_0016072.jpg,0.58452,0.129151
../data/test/seborrheic_keratosis/ISIC_0012086.jpg,0.168568,0.629781
../data/test/seborrheic_keratosis/ISIC_0012134.jpg,0.476787,0.419793
../data/test/seborrheic_keratosis/ISIC_0012136.jpg,0.191771,0.438602
../data/test/seborrheic_keratosis/ISIC_0012178.jpg,0.257984,0.430269
../data/test/seborrheic_keratosis/ISIC_0012199.jpg,0.467515,0.349598
../data/test/seborrheic_keratosis/ISIC_0012207.jpg,0.171152,0.456424
../data/test/seborrheic_keratosis/ISIC_0012215.jpg,0.296557,0.551177
../data/test/seborrheic_keratosis/ISIC_0012223.jpg,0.434084,0.315721
../data/test/seborrheic_keratosis/ISIC_0012240.jpg,0.353024,0.539946
../data/test/seborrheic_keratosis/ISIC_0012248.jpg,0.227862,0.575195
../data/test/seborrheic_keratosis/ISIC_0012265.jpg,0.602985,0.151068
../data/test/seborrheic_keratosis/ISIC_0012266.jpg,0.275243,0.408335
../data/test/seborrheic_keratosis/ISIC_0012272.jpg,0.0804687,0.4062
../data/test/seborrheic_keratosis/ISIC_0012273.jpg,0.215422,0.686458
../data/test/seborrheic_keratosis/ISIC_0012314.jpg,0.242191,0.382365
../data/test/seborrheic_keratosis/ISIC_0012323.jpg,0.217678,0.579861
../data/test/seborrheic_keratosis/ISIC_0012330.jpg,0.103763,0.748478
../data/test/seborrheic_keratosis/ISIC_0012358.jpg,0.348744,0.146483
../data/test/seborrheic_keratosis/ISIC_0012364.jpg,0.148876,0.446232
../data/test/seborrheic_keratosis/ISIC_0012372.jpg,0.124334,0.370338
../data/test/seborrheic_keratosis/ISIC_0012375.jpg,0.347932,0.386288
../data/test/seborrheic_keratosis/ISIC_0012387.jpg,0.152918,0.648562
../data/test/seborrheic_keratosis/ISIC_0012388.jpg,0.16236,0.329583
../data/test/seborrheic_keratosis/ISIC_0012414.jpg,0.237973,0.273961
../data/test/seborrheic_keratosis/ISIC_0012428.jpg,0.267105,0.184718
../data/test/seborrheic_keratosis/ISIC_0012432.jpg,0.181763,0.463264
../data/test/seborrheic_keratosis/ISIC_0012447.jpg,0.186093,0.5064
../data/test/seborrheic_keratosis/ISIC_0012448.jpg,0.207968,0.536441
../data/test/seborrheic_keratosis/ISIC_0012510.jpg,0.589199,0.277152
../data/test/seborrheic_keratosis/ISIC_0012522.jpg,0.136688,0.398835
../data/test/seborrheic_keratosis/ISIC_0012537.jpg,0.404299,0.298227
../data/test/seborrheic_keratosis/ISIC_0012548.jpg,0.202716,0.514976
../data/test/seborrheic_keratosis/ISIC_0012705.jpg,0.276712,0.47521
../data/test/seborrheic_keratosis/ISIC_0012757.jpg,0.0731862,0.638419
../data/test/seborrheic_keratosis/ISIC_0012786.jpg,0.146548,0.595665
../data/test/seborrheic_keratosis/ISIC_0012848.jpg,0.313766,0.445521
../data/test/seborrheic_keratosis/ISIC_0012852.jpg,0.0464598,0.377684
../data/test/seborrheic_keratosis/ISIC_0012928.jpg,0.10449,0.651107
../data/test/seborrheic_keratosis/ISIC_0012955.jpg,0.203897,0.420921
../data/test/seborrheic_keratosis/ISIC_0012974.jpg,0.14245,0.425801
../data/test/seborrheic_keratosis/ISIC_0013030.jpg,0.133794,0.459812
../data/test/seborrheic_keratosis/ISIC_0013035.jpg,0.208828,0.527192
../data/test/seborrheic_keratosis/ISIC_0013085.jpg,0.0718774,0.650821
../data/test/seborrheic_keratosis/ISIC_0013169.jpg,0.269462,0.561225
../data/test/seborrheic_keratosis/ISIC_0013170.jpg,0.26464,0.569713
../data/test/seborrheic_keratosis/ISIC_0013203.jpg,0.139509,0.49797
../data/test/seborrheic_keratosis/ISIC_0013270.jpg,0.249176,0.0178548
../data/test/seborrheic_keratosis/ISIC_0013271.jpg,0.150831,0.280815
../data/test/seborrheic_keratosis/ISIC_0013281.jpg,0.207959,0.701469
../data/test/seborrheic_keratosis/ISIC_0013319.jpg,0.294044,0.440041
../data/test/seborrheic_keratosis/ISIC_0013393.jpg,0.166057,0.509171
../data/test/seborrheic_keratosis/ISIC_0013465.jpg,0.089217,0.471928
../data/test/seborrheic_keratosis/ISIC_0013673.jpg,0.0851424,0.593808
../data/test/seborrheic_keratosis/ISIC_0013708.jpg,0.14431,0.837856
../data/test/seborrheic_keratosis/ISIC_0013764.jpg,0.307081,0.493124
../data/test/seborrheic_keratosis/ISIC_0013977.jpg,0.0783991,0.53751
../data/test/seborrheic_keratosis/ISIC_0014006.jpg,0.272869,0.537316
../data/test/seborrheic_keratosis/ISIC_0014177.jpg,0.229727,0.488722
../data/test/seborrheic_keratosis/ISIC_0014251.jpg,0.339914,0.592703
../data/test/seborrheic_keratosis/ISIC_0014278.jpg,0.153464,0.111538
../data/test/seborrheic_keratosis/ISIC_0014386.jpg,0.322716,0.375491
../data/test/seborrheic_keratosis/ISIC_0014392.jpg,0.343472,0.288328
../data/test/seborrheic_keratosis/ISIC_0014409.jpg,0.0848997,0.087504
../data/test/seborrheic_keratosis/ISIC_0014419.jpg,0.503929,0.206658
../data/test/seborrheic_keratosis/ISIC_0014457.jpg,0.239836,0.118478
../data/test/seborrheic_keratosis/ISIC_0014474.jpg,0.178278,0.647508
../data/test/seborrheic_keratosis/ISIC_0014500.jpg,0.42293,0.222251
../data/test/seborrheic_keratosis/ISIC_0014503.jpg,0.191043,0.413147
../data/test/seborrheic_keratosis/ISIC_0014567.jpg,0.00808889,0.969449
../data/test/seborrheic_keratosis/ISIC_0014574.jpg,0.0155463,0.917061
../data/test/seborrheic_keratosis/ISIC_0014575.jpg,0.00105006,0.9924
../data/test/seborrheic_keratosis/ISIC_0014586.jpg,0.44823,0.00718652
../data/test/seborrheic_keratosis/ISIC_0014587.jpg,0.026851,0.733988
../data/test/seborrheic_keratosis/ISIC_0014588.jpg,0.0480623,0.742487
../data/test/seborrheic_keratosis/ISIC_0014590.jpg,0.118297,0.476744
../data/test/seborrheic_keratosis/ISIC_0014600.jpg,0.0504444,0.887718
../data/test/seborrheic_keratosis/ISIC_0014619.jpg,0.0193792,0.976773
../data/test/seborrheic_keratosis/ISIC_0014626.jpg,0.00140825,0.996092
../data/test/seborrheic_keratosis/ISIC_0014627.jpg,0.00120727,0.994172
../data/test/seborrheic_keratosis/ISIC_0014629.jpg,0.000242692,0.998029
../data/test/seborrheic_keratosis/ISIC_0014631.jpg,0.00115482,0.995684
../data/test/seborrheic_keratosis/ISIC_0014634.jpg,0.138926,0.679458
../data/test/seborrheic_keratosis/ISIC_0014643.jpg,0.000711859,0.998381
../data/test/seborrheic_keratosis/ISIC_0014644.jpg,0.443773,0.107459
../data/test/seborrheic_keratosis/ISIC_0014645.jpg,0.22823,0.737526
../data/test/seborrheic_keratosis/ISIC_0014647.jpg,0.0177045,0.921969
../data/test/seborrheic_keratosis/ISIC_0014648.jpg,0.016682,0.965788
../data/test/seborrheic_keratosis/ISIC_0014649.jpg,0.00270938,0.986326
../data/test/seborrheic_keratosis/ISIC_0014652.jpg,0.00676901,0.965497
../data/test/seborrheic_keratosis/ISIC_0014653.jpg,0.00572536,0.981682
